﻿<?xml version="1.0" encoding="utf-8"?>
<TypeDefinition version="1.2">
  <Modules>
    <Module url="CompBase.json"/>
    <Module url="ComComp.json"/>
    <Module url="Grid.json"/>
    <Module url="DeviceAPI.json"/>
    <Module url="BaseLibrary.json"/>
    <Module url="JSLib.json"/>
    <Module url="ExtComp.json"/>
  </Modules>
  <Components>
    <Component type="JavaScript" id="Div" classname="nexacro.Div"/>
    <Component type="JavaScript" id="Button" classname="nexacro.Button"/>
    <Component type="JavaScript" id="PopupDiv" classname="nexacro.PopupDiv"/>
    <Component type="JavaScript" id="Combo" classname="nexacro.Combo"/>
    <Component type="JavaScript" id="CheckBox" classname="nexacro.CheckBox"/>
    <Component type="JavaScript" id="ListBox" classname="nexacro.ListBox"/>
    <Component type="JavaScript" id="Edit" classname="nexacro.Edit"/>
    <Component type="JavaScript" id="MaskEdit" classname="nexacro.MaskEdit"/>
    <Component type="JavaScript" id="TextArea" classname="nexacro.TextArea"/>
    <Component type="JavaScript" id="Menu" classname="nexacro.Menu"/>
    <Component type="JavaScript" id="Tab" classname="nexacro.Tab"/>
    <Component type="JavaScript" id="ImageViewer" classname="nexacro.ImageViewer"/>
    <Component type="JavaScript" id="Radio" classname="nexacro.Radio"/>
    <Component type="JavaScript" id="Calendar" classname="nexacro.Calendar"/>
    <Component type="JavaScript" id="Static" classname="nexacro.Static"/>
    <Component type="JavaScript" id="Grid" classname="nexacro.Grid"/>
    <Component type="JavaScript" id="Spin" classname="nexacro.Spin"/>
    <Component type="JavaScript" id="PopupMenu" classname="nexacro.PopupMenu"/>
    <Component type="JavaScript" id="GroupBox" classname="nexacro.GroupBox"/>
    <Component type="JavaScript" id="ProgressBar" classname="nexacro.ProgressBar"/>
    <Component type="JavaScript" id="Plugin" classname="nexacro.Plugin"/>
    <Component type="JavaScript" id="Dataset" classname="nexacro.NormalDataset"/>
    <Component type="JavaScript" id="ExtCombo" classname="nexacro.ExtCombo"/>
    <Component type="JavaScript" id="ExtFileUpload" classname="nexacro.ExtFileUpload"/>
    <Component type="JavaScript" id="ExtFileDownload" classname="nexacro.ExtFileDownload"/>
    <Component type="JavaScript" id="WebBrowser" classname="nexacro.WebBrowser"/>
    <Component type="JavaScript" id="FileUpload" classname="nexacro.FileUpload"/>
  </Components>
  <Protocols/>
  <Services>
    <Service prefixid="host" type="JSP" url="http://localhost:8080/" version="0" communicationversion="0"/>
    <Service prefixid="nexacro14lib" type="file" url="./nexacro14lib/" version="0" communicationversion="0"/>
    <Service prefixid="css" type="file" url="./css/" version="0" communicationversion="0"/>
    <Service prefixid="images" type="file" url="./images/" version="0" communicationversion="0"/>
    <Service prefixid="BaseLibrary" type="file" url="./nexacro14lib/component/BaseLibrary/" version="0" communicationversion="0"/>
    <Service prefixid="LgeLibrary" type="file" url="./nexacro14lib/component/LgeLibrary/" version="0" communicationversion="0"/>
    <Service prefixid="LgeObject" type="file" url="./nexacro14lib/component/LgeObject/" version="0" communicationversion="0"/>
    <Service prefixid="CommonLibrary" type="js" url="./CommonLibrary/" version="0" communicationversion="0"/>
    <Service prefixid="CommonObject" type="form" url="./CommonObject/" version="0" communicationversion="0"/>
    <Service prefixid="Frame" type="form" url="./com/Frame/" version="0" communicationversion="0"/>
    <Service prefixid="guide_COMPONENT" type="form" url="./com/guide/COMPONENT/" version="0" communicationversion="0"/>
    <Service prefixid="guide_TEMPLATE" type="form" url="./com/guide/TEMPLATE/" version="0" communicationversion="0"/>
    <Service prefixid="guide_SAMPLE" type="form" url="./com/guide/SAMPLE/" version="0" communicationversion="0"/>
    <Service prefixid="guide_rMateChart" type="form" url="./com/guide/rMateChart/" version="0" communicationversion="0"/>
  </Services>
  <Update/>
</TypeDefinition>
