﻿<?xml version="1.0" encoding="utf-8"?>
<TypeDefinition version="1.2">
  <Modules>
    <Module url="CompBase.json"/>
    <Module url="ComComp.json"/>
    <Module url="Grid.json"/>
    <Module url="DeviceAPI.json"/>
    <Module url="BaseLibrary.json"/>
    <Module url="JSLib.json"/>
    <Module url="ExtComp.json"/>
  </Modules>
  <Components>
    <Component type="JavaScript" id="Div" classname="nexacro.Div"/>
    <Component type="JavaScript" id="Button" classname="nexacro.Button"/>
    <Component type="JavaScript" id="PopupDiv" classname="nexacro.PopupDiv"/>
    <Component type="JavaScript" id="Combo" classname="nexacro.Combo"/>
    <Component type="JavaScript" id="CheckBox" classname="nexacro.CheckBox"/>
    <Component type="JavaScript" id="ListBox" classname="nexacro.ListBox"/>
    <Component type="JavaScript" id="Edit" classname="nexacro.Edit"/>
    <Component type="JavaScript" id="MaskEdit" classname="nexacro.MaskEdit"/>
    <Component type="JavaScript" id="TextArea" classname="nexacro.TextArea"/>
    <Component type="JavaScript" id="Menu" classname="nexacro.Menu"/>
    <Component type="JavaScript" id="Tab" classname="nexacro.Tab"/>
    <Component type="JavaScript" id="ImageViewer" classname="nexacro.ImageViewer"/>
    <Component type="JavaScript" id="Radio" classname="nexacro.Radio"/>
    <Component type="JavaScript" id="Calendar" classname="nexacro.Calendar"/>
    <Component type="JavaScript" id="Static" classname="nexacro.Static"/>
    <Component type="JavaScript" id="Grid" classname="nexacro.Grid"/>
    <Component type="JavaScript" id="Spin" classname="nexacro.Spin"/>
    <Component type="JavaScript" id="PopupMenu" classname="nexacro.PopupMenu"/>
    <Component type="JavaScript" id="GroupBox" classname="nexacro.GroupBox"/>
    <Component type="JavaScript" id="ProgressBar" classname="nexacro.ProgressBar"/>
    <Component type="JavaScript" id="Plugin" classname="nexacro.Plugin"/>
    <Component type="JavaScript" id="Dataset" classname="nexacro.NormalDataset"/>
    <Component type="JavaScript" id="ExtCombo" classname="nexacro.ExtCombo"/>
    <Component type="JavaScript" id="ExtFileUpload" classname="nexacro.ExtFileUpload"/>
    <Component type="JavaScript" id="ExtFileDownload" classname="nexacro.ExtFileDownload"/>
    <Component type="JavaScript" id="WebBrowser" classname="nexacro.WebBrowser"/>
    <Component type="JavaScript" id="FileUpload" classname="nexacro.FileUpload"/>
  </Components>
  <Protocols/>
  <Services>
    <Service prefixid="Base" type="form" url="./Base/" version="0" communicationversion="0"/>
    <Service prefixid="host" type="JSP" url="http://localhost:8080/" version="0" communicationversion="0"/>
    <Service prefixid="nexacro14lib" type="file" url="./nexacro14lib/" communicationversion="0" version="0"/>
    <Service prefixid="css" type="file" url="./css/" communicationversion="0" version="0"/>
    <Service prefixid="images" type="file" url="./images/" communicationversion="0" version="0"/>
    <Service prefixid="BaseLibrary" type="file" url="./nexacro14lib/component/BaseLibrary/" communicationversion="0" version="0"/>
    <Service prefixid="LgeLibrary" type="file" url="./nexacro14lib/component/LgeLibrary/" communicationversion="0" version="0"/>
    <Service prefixid="LgeObject" type="file" url="./nexacro14lib/component/LgeObject/" communicationversion="0" version="0"/>
    <Service prefixid="CommonLibrary" type="js" url="./CommonLibrary/" communicationversion="0" version="0"/>
    <Service prefixid="CommonObject" type="form" url="./CommonObject/" communicationversion="0" version="0"/>
    <Service prefixid="Frame" type="form" url="./com/Frame/" communicationversion="0" version="0"/>
    <Service prefixid="Component" type="form" url="./com/Component/" communicationversion="0" version="0"/>
    <Service prefixid="Template" type="form" url="./com/Template/" communicationversion="0" version="0"/>
    <Service prefixid="Sample" type="form" url="./com/Sample" communicationversion="0" version="0"/>
    <Service prefixid="Part3rd" type="form" url="./com/Part3rd/" communicationversion="0" version="0"/>
  </Services>
  <Update/>
</TypeDefinition>
