﻿<?xml version="1.0" encoding="utf-8"?>
<GlobalVariables>
  <Variable id="gv_linkmenuid"/>
  <Variable id="gv_openMenuListType" initval="Top"/>
  <Variable id="gv_paramters"/>
  <Variable id="gv_linkuserid"/>
  <Variable id="gv_userid"/>
  <Variable id="gv_userkey"/>
  <Dataset id="gds_devMenu">
    <ColumnInfo>
      <Column id="MENU_ID" type="STRING" size="256" description="필수"/>
      <Column id="MENU_CAPTION" type="STRING" size="256" description="필수"/>
      <Column id="PRNT_MENU_ID" type="STRING" size="256"/>
      <Column id="SYS_CD" type="STRING" size="256"/>
      <Column id="MENU_DESC" type="STRING" size="256"/>
      <Column id="MENU_URL" type="STRING" size="256" description="필수"/>
      <Column id="MENU_LEVEL" type="STRING" size="256" description="필수"/>
      <Column id="SORT_ODRG" type="BIGDECIMAL" size="256"/>
      <Column id="SEQ" type="BIGDECIMAL" size="256"/>
      <Column id="PRNT_SEQ" type="BIGDECIMAL" size="256"/>
      <Column id="SPARE_COLUMN1" type="STRING" size="256"/>
      <Column id="SPARE_COLUMN2" type="STRING" size="256"/>
      <Column id="SPARE_COLUMN3" type="STRING" size="256"/>
      <Column id="SPARE_COLUMN4" type="STRING" size="256"/>
      <Column id="SPARE_COLUMN5" type="STRING" size="256"/>
    </ColumnInfo>
    <Rows>
      <Row>
        <Col id="MENU_ID">D000</Col>
        <Col id="MENU_CAPTION">시작하기</Col>
        <Col id="MENU_LEVEL">0</Col>
        <Col id="PRNT_MENU_ID"/>
        <Col id="SYS_CD"/>
        <Col id="MENU_DESC"/>
      </Row>
      <Row>
        <Col id="MENU_CAPTION">컴포넌트 소개</Col>
        <Col id="MENU_LEVEL">1</Col>
        <Col id="PRNT_MENU_ID">D000</Col>
        <Col id="SYS_CD"/>
        <Col id="MENU_DESC"/>
        <Col id="MENU_ID">D100</Col>
      </Row>
      <Row>
        <Col id="MENU_CAPTION">기본 컴포넌트</Col>
        <Col id="MENU_LEVEL">2</Col>
        <Col id="PRNT_MENU_ID">D100</Col>
        <Col id="SYS_CD"/>
        <Col id="MENU_DESC"/>
        <Col id="MENU_ID">D110</Col>
      </Row>
      <Row>
        <Col id="MENU_ID">D111</Col>
        <Col id="MENU_CAPTION">Static, Edit, MaskEdit, TextArea</Col>
        <Col id="PRNT_MENU_ID">D110</Col>
        <Col id="SYS_CD"/>
        <Col id="MENU_DESC"/>
        <Col id="MENU_URL">Component::Form_Basic_Comp1.xfdl</Col>
        <Col id="MENU_LEVEL">3</Col>
      </Row>
      <Row>
        <Col id="MENU_ID">D112</Col>
        <Col id="MENU_CAPTION">Combo, ListBox, Spin, Calendar</Col>
        <Col id="PRNT_MENU_ID">D110</Col>
        <Col id="SYS_CD"/>
        <Col id="MENU_DESC"/>
        <Col id="MENU_URL">Component::Form_Basic_Comp2.xfdl</Col>
        <Col id="MENU_LEVEL">3</Col>
      </Row>
      <Row>
        <Col id="MENU_ID">D113</Col>
        <Col id="MENU_CAPTION">CheckBox, Radio, Tab, ImageViewer</Col>
        <Col id="PRNT_MENU_ID">D110</Col>
        <Col id="SYS_CD"/>
        <Col id="MENU_DESC"/>
        <Col id="MENU_URL">Component::Form_Basic_Comp3.xfdl</Col>
        <Col id="MENU_LEVEL">3</Col>
      </Row>
      <Row>
        <Col id="MENU_ID">D114</Col>
        <Col id="MENU_CAPTION">PopupMenu, GroupBox, ProgressBar, Menu, FileUp/Down</Col>
        <Col id="PRNT_MENU_ID">D110</Col>
        <Col id="SYS_CD"/>
        <Col id="MENU_DESC"/>
        <Col id="MENU_URL">Component::Form_Basic_Comp4.xfdl</Col>
        <Col id="MENU_LEVEL">3</Col>
        <Col id="SORT_ODRG">[Undefined]</Col>
        <Col id="SEQ">[Undefined]</Col>
        <Col id="PRNT_SEQ">[Undefined]</Col>
        <Col id="SPARE_COLUMN1">[Undefined]</Col>
        <Col id="SPARE_COLUMN2">[Undefined]</Col>
        <Col id="SPARE_COLUMN3">[Undefined]</Col>
        <Col id="SPARE_COLUMN4">[Undefined]</Col>
        <Col id="SPARE_COLUMN5">[Undefined]</Col>
      </Row>
      <Row>
        <Col id="MENU_ID">D115</Col>
        <Col id="MENU_CAPTION">Button</Col>
        <Col id="PRNT_MENU_ID">D110</Col>
        <Col id="SYS_CD"/>
        <Col id="MENU_DESC"/>
        <Col id="MENU_URL">Component::Form_Basic_Comp5.xfdl</Col>
        <Col id="MENU_LEVEL">3</Col>
      </Row>
      <Row>
        <Col id="MENU_ID">D116</Col>
        <Col id="MENU_CAPTION">Grid</Col>
        <Col id="PRNT_MENU_ID">D110</Col>
        <Col id="SYS_CD"/>
        <Col id="MENU_DESC"/>
        <Col id="MENU_URL">Component::Form_Basic_Comp6.xfdl</Col>
        <Col id="MENU_LEVEL">3</Col>
      </Row>
      <Row>
        <Col id="MENU_CAPTION">사용자 컴포넌트</Col>
        <Col id="MENU_LEVEL">2</Col>
        <Col id="PRNT_MENU_ID">D100</Col>
        <Col id="SYS_CD"/>
        <Col id="MENU_DESC"/>
        <Col id="MENU_ID">D120</Col>
      </Row>
      <Row>
        <Col id="MENU_ID">D121</Col>
        <Col id="MENU_CAPTION">사용자콤보1 (코드+코드명)</Col>
        <Col id="PRNT_MENU_ID">D120</Col>
        <Col id="SYS_CD"/>
        <Col id="MENU_DESC"/>
        <Col id="MENU_URL">Component::Form_User_Comp1.xfdl</Col>
        <Col id="MENU_LEVEL">3</Col>
      </Row>
      <Row>
        <Col id="MENU_ID">D122</Col>
        <Col id="MENU_CAPTION">사용자콤보2 (멀티선택)</Col>
        <Col id="PRNT_MENU_ID">D120</Col>
        <Col id="SYS_CD"/>
        <Col id="MENU_DESC"/>
        <Col id="MENU_URL">Component::Form_User_Comp2.xfdl</Col>
        <Col id="MENU_LEVEL">3</Col>
      </Row>
      <Row>
        <Col id="MENU_ID">D123</Col>
        <Col id="MENU_CAPTION">사용자달력 (기간일력)</Col>
        <Col id="PRNT_MENU_ID">D120</Col>
        <Col id="SYS_CD"/>
        <Col id="MENU_DESC"/>
        <Col id="MENU_URL">Component::Form_User_Comp3.xfdl</Col>
        <Col id="MENU_LEVEL">3</Col>
      </Row>
      <Row>
        <Col id="MENU_ID">D124</Col>
        <Col id="MENU_CAPTION">사용자달력 (월력)</Col>
        <Col id="PRNT_MENU_ID">D120</Col>
        <Col id="SYS_CD"/>
        <Col id="MENU_DESC"/>
        <Col id="MENU_URL">Component::Form_User_Comp4.xfdl</Col>
        <Col id="MENU_LEVEL">3</Col>
      </Row>
      <Row>
        <Col id="MENU_ID">D125</Col>
        <Col id="MENU_CAPTION">사용자달력 (기간월력)</Col>
        <Col id="PRNT_MENU_ID">D120</Col>
        <Col id="SYS_CD"/>
        <Col id="MENU_DESC"/>
        <Col id="MENU_URL">Component::Form_User_Comp5.xfdl</Col>
        <Col id="MENU_LEVEL">3</Col>
      </Row>
      <Row>
        <Col id="MENU_ID">D126</Col>
        <Col id="MENU_CAPTION">사용자그리드</Col>
        <Col id="PRNT_MENU_ID">D120</Col>
        <Col id="SYS_CD"/>
        <Col id="MENU_DESC"/>
        <Col id="MENU_URL">Component::Form_User_Comp6.xfdl</Col>
        <Col id="MENU_LEVEL">3</Col>
      </Row>
      <Row>
        <Col id="MENU_ID">D200</Col>
        <Col id="MENU_CAPTION">화면패턴</Col>
        <Col id="MENU_LEVEL">1</Col>
        <Col id="PRNT_MENU_ID">D000</Col>
        <Col id="SYS_CD"/>
        <Col id="MENU_DESC"/>
      </Row>
      <Row>
        <Col id="MENU_ID">D210</Col>
        <Col id="MENU_CAPTION">화면영역</Col>
        <Col id="PRNT_MENU_ID">D200</Col>
        <Col id="SYS_CD"/>
        <Col id="MENU_DESC"/>
        <Col id="MENU_URL">[Undefined]</Col>
        <Col id="MENU_LEVEL">2</Col>
      </Row>
      <Row>
        <Col id="MENU_ID">D211</Col>
        <Col id="MENU_CAPTION">화면기본1</Col>
        <Col id="PRNT_MENU_ID">D210</Col>
        <Col id="SYS_CD"/>
        <Col id="MENU_DESC"/>
        <Col id="MENU_URL">Template::Form_Default_Temp1.xfdl</Col>
        <Col id="MENU_LEVEL">3</Col>
      </Row>
      <Row>
        <Col id="MENU_ID">D212</Col>
        <Col id="MENU_CAPTION">조회영역1</Col>
        <Col id="PRNT_MENU_ID">D210</Col>
        <Col id="SYS_CD"/>
        <Col id="MENU_DESC"/>
        <Col id="MENU_URL">Template::Form_Search_Temp1.xfdl</Col>
        <Col id="MENU_LEVEL">3</Col>
      </Row>
      <Row>
        <Col id="MENU_ID">D216</Col>
        <Col id="MENU_CAPTION">상세영역1</Col>
        <Col id="PRNT_MENU_ID">D210</Col>
        <Col id="SYS_CD"/>
        <Col id="MENU_DESC"/>
        <Col id="MENU_URL">Template::Form_Detail_Temp1.xfdl</Col>
        <Col id="MENU_LEVEL">3</Col>
      </Row>
      <Row>
        <Col id="MENU_ID">D220</Col>
        <Col id="MENU_CAPTION">조회영역 TOP</Col>
        <Col id="MENU_LEVEL">2</Col>
        <Col id="PRNT_MENU_ID">D200</Col>
        <Col id="SYS_CD"/>
        <Col id="MENU_DESC"/>
      </Row>
      <Row>
        <Col id="MENU_CAPTION">템플릿1 (Top)</Col>
        <Col id="MENU_LEVEL">3</Col>
        <Col id="MENU_URL">Template::Form_Search_Top_Temp1.xfdl</Col>
        <Col id="MENU_ID">D221</Col>
        <Col id="PRNT_MENU_ID">D220</Col>
        <Col id="SYS_CD"/>
        <Col id="MENU_DESC"/>
      </Row>
      <Row>
        <Col id="MENU_ID">D222</Col>
        <Col id="MENU_CAPTION">템플릿2 (Top)</Col>
        <Col id="MENU_LEVEL">3</Col>
        <Col id="MENU_DESC"/>
        <Col id="MENU_URL">Template::Form_Search_Top_Temp2.xfdl</Col>
        <Col id="PRNT_MENU_ID">D220</Col>
        <Col id="SYS_CD"/>
      </Row>
      <Row>
        <Col id="MENU_ID">D223</Col>
        <Col id="MENU_CAPTION">템플릿3 (Top)</Col>
        <Col id="MENU_LEVEL">3</Col>
        <Col id="MENU_DESC"/>
        <Col id="MENU_URL">Template::Form_Search_Top_Temp3.xfdl</Col>
        <Col id="PRNT_MENU_ID">D220</Col>
        <Col id="SYS_CD"/>
      </Row>
      <Row>
        <Col id="MENU_ID">D224</Col>
        <Col id="MENU_CAPTION">템플릿4 (Top)</Col>
        <Col id="MENU_LEVEL">3</Col>
        <Col id="MENU_DESC"/>
        <Col id="MENU_URL">Template::Form_Search_Top_Temp4.xfdl</Col>
        <Col id="PRNT_MENU_ID">D220</Col>
        <Col id="SYS_CD"/>
      </Row>
      <Row>
        <Col id="MENU_ID">D225</Col>
        <Col id="MENU_CAPTION">템플릿5 (Top)</Col>
        <Col id="MENU_LEVEL">3</Col>
        <Col id="MENU_DESC"/>
        <Col id="MENU_URL">Template::Form_Search_Top_Temp5.xfdl</Col>
        <Col id="PRNT_MENU_ID">D220</Col>
        <Col id="SYS_CD"/>
      </Row>
      <Row>
        <Col id="MENU_ID">D226</Col>
        <Col id="MENU_CAPTION">템플릿6 (Top)</Col>
        <Col id="MENU_LEVEL">3</Col>
        <Col id="MENU_DESC"/>
        <Col id="MENU_URL">Template::Form_Search_Top_Temp6.xfdl</Col>
        <Col id="PRNT_MENU_ID">D220</Col>
        <Col id="SYS_CD"/>
      </Row>
      <Row>
        <Col id="MENU_ID">D227</Col>
        <Col id="MENU_CAPTION">템플릿7 (Top)</Col>
        <Col id="MENU_LEVEL">3</Col>
        <Col id="MENU_DESC"/>
        <Col id="MENU_URL">Template::Form_Search_Top_Temp7.xfdl</Col>
        <Col id="PRNT_MENU_ID">D220</Col>
        <Col id="SYS_CD"/>
      </Row>
      <Row>
        <Col id="MENU_ID">D230</Col>
        <Col id="MENU_CAPTION">조회영역 LEFT</Col>
        <Col id="MENU_LEVEL">2</Col>
        <Col id="PRNT_MENU_ID">D200</Col>
        <Col id="SYS_CD"/>
        <Col id="MENU_DESC"/>
      </Row>
      <Row>
        <Col id="MENU_ID">D231</Col>
        <Col id="MENU_CAPTION">템플릿1 (Left)</Col>
        <Col id="PRNT_MENU_ID">D230</Col>
        <Col id="SYS_CD"/>
        <Col id="MENU_DESC"/>
        <Col id="MENU_URL">Template::Form_Search_Left_Temp1.xfdl</Col>
        <Col id="MENU_LEVEL">3</Col>
        <Col id="SORT_ODRG"/>
        <Col id="SEQ"/>
        <Col id="PRNT_SEQ"/>
        <Col id="SPARE_COLUMN1"/>
        <Col id="SPARE_COLUMN2"/>
        <Col id="SPARE_COLUMN3"/>
        <Col id="SPARE_COLUMN4"/>
        <Col id="SPARE_COLUMN5"/>
      </Row>
      <Row>
        <Col id="MENU_ID">D232</Col>
        <Col id="MENU_CAPTION">템플릿2 (Left)</Col>
        <Col id="PRNT_MENU_ID">D230</Col>
        <Col id="SYS_CD"/>
        <Col id="MENU_DESC"/>
        <Col id="MENU_URL">Template::Form_Search_Left_Temp2.xfdl</Col>
        <Col id="MENU_LEVEL">3</Col>
        <Col id="SORT_ODRG"/>
        <Col id="SEQ"/>
        <Col id="PRNT_SEQ"/>
        <Col id="SPARE_COLUMN1"/>
        <Col id="SPARE_COLUMN2"/>
        <Col id="SPARE_COLUMN3"/>
        <Col id="SPARE_COLUMN4"/>
        <Col id="SPARE_COLUMN5"/>
      </Row>
      <Row>
        <Col id="MENU_ID">D233</Col>
        <Col id="MENU_CAPTION">템플릿3 (Left)</Col>
        <Col id="PRNT_MENU_ID">D230</Col>
        <Col id="SYS_CD"/>
        <Col id="MENU_DESC"/>
        <Col id="MENU_URL">Template::Form_Search_Left_Temp3.xfdl</Col>
        <Col id="MENU_LEVEL">3</Col>
        <Col id="SORT_ODRG"/>
        <Col id="SEQ"/>
        <Col id="PRNT_SEQ"/>
        <Col id="SPARE_COLUMN1"/>
        <Col id="SPARE_COLUMN2"/>
        <Col id="SPARE_COLUMN3"/>
        <Col id="SPARE_COLUMN4"/>
        <Col id="SPARE_COLUMN5"/>
      </Row>
      <Row>
        <Col id="MENU_ID">D234</Col>
        <Col id="MENU_CAPTION">템플릿4 (Left)</Col>
        <Col id="PRNT_MENU_ID">D230</Col>
        <Col id="SYS_CD"/>
        <Col id="MENU_DESC"/>
        <Col id="MENU_URL">Template::Form_Search_Left_Temp4.xfdl</Col>
        <Col id="MENU_LEVEL">3</Col>
        <Col id="SORT_ODRG"/>
        <Col id="SEQ"/>
        <Col id="PRNT_SEQ"/>
        <Col id="SPARE_COLUMN1"/>
        <Col id="SPARE_COLUMN2"/>
        <Col id="SPARE_COLUMN3"/>
        <Col id="SPARE_COLUMN4"/>
        <Col id="SPARE_COLUMN5"/>
      </Row>
      <Row>
        <Col id="MENU_ID">D235</Col>
        <Col id="MENU_CAPTION">템플릿5 (Left)</Col>
        <Col id="PRNT_MENU_ID">D230</Col>
        <Col id="SYS_CD"/>
        <Col id="MENU_DESC"/>
        <Col id="MENU_URL">Template::Form_Search_Left_Temp5.xfdl</Col>
        <Col id="MENU_LEVEL">3</Col>
        <Col id="SORT_ODRG"/>
        <Col id="SEQ"/>
        <Col id="PRNT_SEQ"/>
        <Col id="SPARE_COLUMN1"/>
        <Col id="SPARE_COLUMN2"/>
        <Col id="SPARE_COLUMN3"/>
        <Col id="SPARE_COLUMN4"/>
        <Col id="SPARE_COLUMN5"/>
      </Row>
      <Row>
        <Col id="MENU_ID">D236</Col>
        <Col id="MENU_CAPTION">템플릿6 (Left)</Col>
        <Col id="PRNT_MENU_ID">D230</Col>
        <Col id="SYS_CD"/>
        <Col id="MENU_DESC"/>
        <Col id="MENU_URL">Template::Form_Search_Left_Temp6.xfdl</Col>
        <Col id="MENU_LEVEL">3</Col>
        <Col id="SORT_ODRG"/>
        <Col id="SEQ"/>
        <Col id="PRNT_SEQ"/>
        <Col id="SPARE_COLUMN1"/>
        <Col id="SPARE_COLUMN2"/>
        <Col id="SPARE_COLUMN3"/>
        <Col id="SPARE_COLUMN4"/>
        <Col id="SPARE_COLUMN5"/>
      </Row>
      <Row>
        <Col id="MENU_ID">D237</Col>
        <Col id="MENU_CAPTION">템플릿7 (Left)</Col>
        <Col id="PRNT_MENU_ID">D230</Col>
        <Col id="SYS_CD"/>
        <Col id="MENU_DESC"/>
        <Col id="MENU_URL">Template::Form_Search_Left_Temp7.xfdl</Col>
        <Col id="MENU_LEVEL">3</Col>
        <Col id="SORT_ODRG"/>
        <Col id="SEQ"/>
        <Col id="PRNT_SEQ"/>
        <Col id="SPARE_COLUMN1"/>
        <Col id="SPARE_COLUMN2"/>
        <Col id="SPARE_COLUMN3"/>
        <Col id="SPARE_COLUMN4"/>
        <Col id="SPARE_COLUMN5"/>
      </Row>
      <Row>
        <Col id="MENU_ID">D300</Col>
        <Col id="MENU_CAPTION">개발샘플</Col>
        <Col id="PRNT_MENU_ID">D000</Col>
        <Col id="SYS_CD"/>
        <Col id="MENU_DESC"/>
        <Col id="MENU_URL">[Undefined]</Col>
        <Col id="MENU_LEVEL">1</Col>
      </Row>
      <Row>
        <Col id="MENU_ID">D301</Col>
        <Col id="MENU_CAPTION">Popup</Col>
        <Col id="PRNT_MENU_ID">D300</Col>
        <Col id="SYS_CD"/>
        <Col id="MENU_DESC"/>
        <Col id="MENU_URL">Sample::Form_Sample_Popup.xfdl</Col>
        <Col id="MENU_LEVEL">2</Col>
      </Row>
      <Row>
        <Col id="MENU_ID">D302</Col>
        <Col id="MENU_CAPTION">Validation</Col>
        <Col id="PRNT_MENU_ID">D300</Col>
        <Col id="SYS_CD"/>
        <Col id="MENU_DESC"/>
        <Col id="MENU_URL">Sample::Form_Sample_Validation.xfdl</Col>
        <Col id="MENU_LEVEL">2</Col>
        <Col id="SORT_ODRG"/>
        <Col id="SEQ"/>
        <Col id="PRNT_SEQ"/>
        <Col id="SPARE_COLUMN1"/>
        <Col id="SPARE_COLUMN2"/>
        <Col id="SPARE_COLUMN3"/>
        <Col id="SPARE_COLUMN4"/>
        <Col id="SPARE_COLUMN5"/>
      </Row>
      <Row>
        <Col id="MENU_ID">D303</Col>
        <Col id="MENU_CAPTION">Messsage</Col>
        <Col id="PRNT_MENU_ID">D300</Col>
        <Col id="SYS_CD"/>
        <Col id="MENU_DESC"/>
        <Col id="MENU_URL">Sample::Form_Sample_Message.xfdl</Col>
        <Col id="MENU_LEVEL">2</Col>
        <Col id="SORT_ODRG"/>
        <Col id="SEQ"/>
        <Col id="PRNT_SEQ"/>
        <Col id="SPARE_COLUMN1"/>
        <Col id="SPARE_COLUMN2"/>
        <Col id="SPARE_COLUMN3"/>
        <Col id="SPARE_COLUMN4"/>
        <Col id="SPARE_COLUMN5"/>
      </Row>
      <Row>
        <Col id="MENU_ID">D304</Col>
        <Col id="MENU_CAPTION">Link</Col>
        <Col id="PRNT_MENU_ID">D300</Col>
        <Col id="SYS_CD"/>
        <Col id="MENU_DESC"/>
        <Col id="MENU_URL">Sample::Form_Sample_Link.xfdl</Col>
        <Col id="MENU_LEVEL">2</Col>
        <Col id="SORT_ODRG"/>
        <Col id="SEQ"/>
        <Col id="PRNT_SEQ"/>
        <Col id="SPARE_COLUMN1"/>
        <Col id="SPARE_COLUMN2"/>
        <Col id="SPARE_COLUMN3"/>
        <Col id="SPARE_COLUMN4"/>
        <Col id="SPARE_COLUMN5"/>
      </Row>
      <Row>
        <Col id="MENU_ID">D305</Col>
        <Col id="MENU_CAPTION">Transaction (Devon)</Col>
        <Col id="PRNT_MENU_ID">D300</Col>
        <Col id="SYS_CD"/>
        <Col id="MENU_DESC"/>
        <Col id="MENU_URL">Sample::Form_Sample_Transaction_Devon.xfdl</Col>
        <Col id="MENU_LEVEL">2</Col>
        <Col id="SORT_ODRG"/>
        <Col id="SEQ"/>
        <Col id="PRNT_SEQ"/>
        <Col id="SPARE_COLUMN1"/>
        <Col id="SPARE_COLUMN2"/>
        <Col id="SPARE_COLUMN3"/>
        <Col id="SPARE_COLUMN4"/>
        <Col id="SPARE_COLUMN5"/>
      </Row>
      <Row>
        <Col id="MENU_ID">D306</Col>
        <Col id="MENU_CAPTION">Transaction (NCD)</Col>
        <Col id="PRNT_MENU_ID">D300</Col>
        <Col id="SYS_CD"/>
        <Col id="MENU_DESC"/>
        <Col id="MENU_URL">Sample::Form_Sample_Transaction_NCD.xfdl</Col>
        <Col id="MENU_LEVEL">2</Col>
        <Col id="SORT_ODRG"/>
        <Col id="SEQ"/>
        <Col id="PRNT_SEQ"/>
        <Col id="SPARE_COLUMN1"/>
        <Col id="SPARE_COLUMN2"/>
        <Col id="SPARE_COLUMN3"/>
        <Col id="SPARE_COLUMN4"/>
        <Col id="SPARE_COLUMN5"/>
      </Row>
      <Row>
        <Col id="MENU_ID">D307</Col>
        <Col id="MENU_CAPTION">Excel Export</Col>
        <Col id="PRNT_MENU_ID">D300</Col>
        <Col id="SYS_CD"/>
        <Col id="MENU_DESC"/>
        <Col id="MENU_URL">Sample::Form_Sample_Excel_Export.xfdl</Col>
        <Col id="MENU_LEVEL">2</Col>
        <Col id="SORT_ODRG"/>
        <Col id="SEQ"/>
        <Col id="PRNT_SEQ"/>
        <Col id="SPARE_COLUMN1"/>
        <Col id="SPARE_COLUMN2"/>
        <Col id="SPARE_COLUMN3"/>
        <Col id="SPARE_COLUMN4"/>
        <Col id="SPARE_COLUMN5"/>
      </Row>
      <Row>
        <Col id="MENU_ID">D308</Col>
        <Col id="MENU_CAPTION">Excel Import</Col>
        <Col id="PRNT_MENU_ID">D300</Col>
        <Col id="SYS_CD"/>
        <Col id="MENU_DESC"/>
        <Col id="MENU_URL">Sample::Form_Sample_Excel_Import.xfdl</Col>
        <Col id="MENU_LEVEL">2</Col>
        <Col id="SORT_ODRG"/>
        <Col id="SEQ"/>
        <Col id="PRNT_SEQ"/>
        <Col id="SPARE_COLUMN1"/>
        <Col id="SPARE_COLUMN2"/>
        <Col id="SPARE_COLUMN3"/>
        <Col id="SPARE_COLUMN4"/>
        <Col id="SPARE_COLUMN5"/>
      </Row>
      <Row>
        <Col id="MENU_ID">D309</Col>
        <Col id="MENU_CAPTION">CRUD</Col>
        <Col id="PRNT_MENU_ID">D300</Col>
        <Col id="SYS_CD"/>
        <Col id="MENU_DESC"/>
        <Col id="MENU_URL">Sample::Form_Sample_CRUD.xfdl</Col>
        <Col id="MENU_LEVEL">2</Col>
        <Col id="SORT_ODRG"/>
        <Col id="SEQ"/>
        <Col id="PRNT_SEQ"/>
        <Col id="SPARE_COLUMN1"/>
        <Col id="SPARE_COLUMN2"/>
        <Col id="SPARE_COLUMN3"/>
        <Col id="SPARE_COLUMN4"/>
        <Col id="SPARE_COLUMN5"/>
      </Row>
      <Row>
        <Col id="MENU_ID">D310</Col>
        <Col id="MENU_CAPTION">Send Email</Col>
        <Col id="PRNT_MENU_ID">D300</Col>
        <Col id="SYS_CD"/>
        <Col id="MENU_DESC"/>
        <Col id="MENU_URL">Sample::Form_Sample_Email.xfdl</Col>
        <Col id="MENU_LEVEL">2</Col>
        <Col id="SORT_ODRG"/>
        <Col id="SEQ"/>
        <Col id="PRNT_SEQ"/>
        <Col id="SPARE_COLUMN1"/>
        <Col id="SPARE_COLUMN2"/>
        <Col id="SPARE_COLUMN3"/>
        <Col id="SPARE_COLUMN4"/>
        <Col id="SPARE_COLUMN5"/>
      </Row>
      <Row>
        <Col id="MENU_ID">D311</Col>
        <Col id="MENU_CAPTION">Paging Click</Col>
        <Col id="PRNT_MENU_ID">D300</Col>
        <Col id="SYS_CD"/>
        <Col id="MENU_DESC"/>
        <Col id="MENU_URL">Sample::Form_Sample_Paging_Click.xfdl</Col>
        <Col id="MENU_LEVEL">2</Col>
        <Col id="SORT_ODRG"/>
        <Col id="SEQ"/>
        <Col id="PRNT_SEQ"/>
        <Col id="SPARE_COLUMN1"/>
        <Col id="SPARE_COLUMN2"/>
        <Col id="SPARE_COLUMN3"/>
        <Col id="SPARE_COLUMN4"/>
        <Col id="SPARE_COLUMN5"/>
      </Row>
      <Row>
        <Col id="MENU_ID">D312</Col>
        <Col id="MENU_CAPTION">Paging Scroll</Col>
        <Col id="PRNT_MENU_ID">D300</Col>
        <Col id="SYS_CD"/>
        <Col id="MENU_DESC"/>
        <Col id="MENU_URL">Sample::Form_Sample_Paging_Scroll.xfdl</Col>
        <Col id="MENU_LEVEL">2</Col>
        <Col id="SORT_ODRG"/>
        <Col id="SEQ"/>
        <Col id="PRNT_SEQ"/>
        <Col id="SPARE_COLUMN1"/>
        <Col id="SPARE_COLUMN2"/>
        <Col id="SPARE_COLUMN3"/>
        <Col id="SPARE_COLUMN4"/>
        <Col id="SPARE_COLUMN5"/>
      </Row>
      <Row>
        <Col id="MENU_ID">D313</Col>
        <Col id="MENU_CAPTION">File Up/Download</Col>
        <Col id="PRNT_MENU_ID">D300</Col>
        <Col id="SYS_CD"/>
        <Col id="MENU_DESC"/>
        <Col id="MENU_URL">Sample::Form_Sample_FileUpDownload.xfdl</Col>
        <Col id="MENU_LEVEL">2</Col>
        <Col id="SORT_ODRG"/>
        <Col id="SEQ"/>
        <Col id="PRNT_SEQ"/>
        <Col id="SPARE_COLUMN1"/>
        <Col id="SPARE_COLUMN2"/>
        <Col id="SPARE_COLUMN3"/>
        <Col id="SPARE_COLUMN4"/>
        <Col id="SPARE_COLUMN5"/>
      </Row>
      <Row>
        <Col id="MENU_ID">D314</Col>
        <Col id="MENU_CAPTION">File Upload</Col>
        <Col id="PRNT_MENU_ID">D300</Col>
        <Col id="SYS_CD"/>
        <Col id="MENU_DESC"/>
        <Col id="MENU_URL">Sample::Form_Sample_FileUpload.xfdl</Col>
        <Col id="MENU_LEVEL">2</Col>
        <Col id="SORT_ODRG"/>
        <Col id="SEQ"/>
        <Col id="PRNT_SEQ"/>
        <Col id="SPARE_COLUMN1"/>
        <Col id="SPARE_COLUMN2"/>
        <Col id="SPARE_COLUMN3"/>
        <Col id="SPARE_COLUMN4"/>
        <Col id="SPARE_COLUMN5"/>
      </Row>
      <Row>
        <Col id="MENU_ID">D400</Col>
        <Col id="MENU_CAPTION">3rd Part 연동</Col>
        <Col id="PRNT_MENU_ID">D000</Col>
        <Col id="SYS_CD"/>
        <Col id="MENU_DESC"/>
        <Col id="MENU_URL">[Undefined]</Col>
        <Col id="MENU_LEVEL">1</Col>
      </Row>
      <Row>
        <Col id="MENU_ID">D410</Col>
        <Col id="MENU_CAPTION">Daum 우편번호</Col>
        <Col id="PRNT_MENU_ID">D400</Col>
        <Col id="SYS_CD"/>
        <Col id="MENU_DESC"/>
        <Col id="MENU_URL">Part3rd::Form_Part3rd_ZipCode.xfdl</Col>
        <Col id="MENU_LEVEL">2</Col>
      </Row>
      <Row>
        <Col id="MENU_ID">D420</Col>
        <Col id="MENU_CAPTION">TagFree 쓰기</Col>
        <Col id="PRNT_MENU_ID">D400</Col>
        <Col id="SYS_CD"/>
        <Col id="MENU_DESC"/>
        <Col id="MENU_URL">Part3rd::Form_Part3rd_TagFree.xfdl</Col>
        <Col id="MENU_LEVEL">2</Col>
      </Row>
      <Row>
        <Col id="MENU_ID">D421</Col>
        <Col id="MENU_CAPTION">TagFree 읽기</Col>
        <Col id="PRNT_MENU_ID">D400</Col>
        <Col id="SYS_CD"/>
        <Col id="MENU_DESC"/>
        <Col id="MENU_URL">Part3rd::Form_Part3rd_TagFree2.xfdl</Col>
        <Col id="MENU_LEVEL">2</Col>
      </Row>
    </Rows>
  </Dataset>
  <Dataset id="gds_openMenu">
    <ColumnInfo>
      <Column id="WIN_ID" type="STRING" size="256" description="윈도우(프레임)아이디(열린 메뉴의 윈도우 아이디)"/>
      <Column id="MENU_ID" type="STRING" size="256" description="메뉴_ID"/>
      <Column id="TITLE" type="STRING" size="256" description="TITLE"/>
      <Column id="SPARE_COLUMN1" type="STRING" size="256"/>
      <Column id="SPARE_COLUMN2" type="STRING" size="256"/>
      <Column id="SPARE_COLUMN3" type="STRING" size="256"/>
      <Column id="SPARE_COLUMN4" type="STRING" size="256"/>
      <Column id="SPARE_COLUMN5" type="STRING" size="256"/>
    </ColumnInfo>
  </Dataset>
  <Dataset id="gds_gridMenu">
    <ColumnInfo>
      <Column id="menuLvl" type="STRING" size="256"/>
      <Column id="menuId" type="STRING" size="256"/>
      <Column id="menuNm" type="STRING" size="256"/>
      <Column id="bUse" type="STRING" size="256"/>
      <Column id="bEnbleColumn" type="STRING" size="256"/>
      <Column id="hotkeyColumn" type="STRING" size="256"/>
      <Column id="iconColumn" type="STRING" size="256"/>
      <Column id="menuNmEn" type="STRING" size="256"/>
      <Column id="option" type="STRING" size="256"/>
    </ColumnInfo>
    <Rows>
      <Row>
        <Col id="menuLvl">0</Col>
        <Col id="menuId">100</Col>
        <Col id="menuNm">필터</Col>
        <Col id="bUse">Y</Col>
        <Col id="bEnbleColumn">1</Col>
        <Col id="menuNmEn">Filter On</Col>
        <Col id="option">FILTER</Col>
        <Col id="iconColumn"/>
      </Row>
      <Row>
        <Col id="menuLvl">0</Col>
        <Col id="menuId">110</Col>
        <Col id="menuNm">필터취소</Col>
        <Col id="bUse">Y</Col>
        <Col id="bEnbleColumn">1</Col>
        <Col id="menuNmEn">Filter Off</Col>
        <Col id="option">FILTER</Col>
        <Col id="iconColumn"/>
      </Row>
      <Row>
        <Col id="menuLvl">0</Col>
        <Col id="menuId">199</Col>
        <Col id="menuNm">----------------------</Col>
        <Col id="bUse">Y</Col>
        <Col id="bEnbleColumn">0</Col>
        <Col id="menuNmEn">----------------------</Col>
        <Col id="option">FILTER</Col>
      </Row>
      <Row>
        <Col id="menuLvl">0</Col>
        <Col id="menuId">200</Col>
        <Col id="menuNm">소트</Col>
        <Col id="option">SORT</Col>
        <Col id="menuNmEn">Sort On</Col>
        <Col id="bEnbleColumn">1</Col>
        <Col id="bUse">Y</Col>
      </Row>
      <Row>
        <Col id="menuLvl">0</Col>
        <Col id="menuId">210</Col>
        <Col id="menuNm">멀티 소트</Col>
        <Col id="option">SORT</Col>
        <Col id="menuNmEn">MulitiSort On</Col>
        <Col id="bEnbleColumn">1</Col>
        <Col id="bUse">Y</Col>
      </Row>
      <Row>
        <Col id="menuLvl">0</Col>
        <Col id="menuId">220</Col>
        <Col id="menuNm">소트취소</Col>
        <Col id="option">SORT</Col>
        <Col id="menuNmEn">Sort Off</Col>
        <Col id="bEnbleColumn">1</Col>
        <Col id="bUse">Y</Col>
      </Row>
      <Row>
        <Col id="menuLvl">0</Col>
        <Col id="menuId">299</Col>
        <Col id="menuNm">----------------------</Col>
        <Col id="menuNmEn">----------------------</Col>
        <Col id="option">SORT</Col>
        <Col id="bEnbleColumn">0</Col>
        <Col id="bUse">Y</Col>
      </Row>
      <Row>
        <Col id="menuLvl">0</Col>
        <Col id="menuId">300</Col>
        <Col id="menuNm">칼럼숨기기</Col>
        <Col id="bUse">Y</Col>
        <Col id="bEnbleColumn">1</Col>
        <Col id="iconColumn">images::ico_grd_columnHide.png</Col>
        <Col id="menuNmEn">Hide Column</Col>
        <Col id="option">HIDE</Col>
      </Row>
      <Row>
        <Col id="menuLvl">0</Col>
        <Col id="menuId">310</Col>
        <Col id="menuNm">컬럼모두보이기</Col>
        <Col id="bUse">Y</Col>
        <Col id="bEnbleColumn">1</Col>
        <Col id="iconColumn">images::ico_grd_columnView.png</Col>
        <Col id="menuNmEn">Undo Hide</Col>
        <Col id="option">HIDE</Col>
      </Row>
      <Row>
        <Col id="menuLvl">0</Col>
        <Col id="menuId">399</Col>
        <Col id="menuNm">----------------------</Col>
        <Col id="bUse">Y</Col>
        <Col id="bEnbleColumn">0</Col>
        <Col id="menuNmEn">----------------------</Col>
        <Col id="option">HIDE</Col>
      </Row>
      <Row>
        <Col id="menuLvl">0</Col>
        <Col id="menuId">400</Col>
        <Col id="menuNm">틀고정</Col>
        <Col id="bUse">Y</Col>
        <Col id="bEnbleColumn">1</Col>
        <Col id="iconColumn">images::ico_grd_fixed.png</Col>
        <Col id="menuNmEn">Freeze Column</Col>
        <Col id="option">FREEZE</Col>
      </Row>
      <Row>
        <Col id="menuLvl">0</Col>
        <Col id="menuId">410</Col>
        <Col id="menuNm">틀고정취소</Col>
        <Col id="bUse">Y</Col>
        <Col id="bEnbleColumn">1</Col>
        <Col id="iconColumn">images::ico_grd_fixedCancel.png</Col>
        <Col id="menuNmEn">Release Column</Col>
        <Col id="option">FREEZE</Col>
      </Row>
      <Row>
        <Col id="menuLvl">0</Col>
        <Col id="menuId">499</Col>
        <Col id="menuNm">----------------------</Col>
        <Col id="menuNmEn">----------------------</Col>
        <Col id="bUse">Y</Col>
        <Col id="bEnbleColumn">0</Col>
        <Col id="option">FREEZE</Col>
      </Row>
      <Row>
        <Col id="menuLvl">0</Col>
        <Col id="menuId">10000</Col>
        <Col id="menuNm">전체 초기화</Col>
        <Col id="bUse">Y</Col>
        <Col id="bEnbleColumn">1</Col>
        <Col id="menuNmEn">Reset</Col>
        <Col id="option">RESET</Col>
      </Row>
    </Rows>
  </Dataset>
  <Dataset id="gds_message">
    <ColumnInfo>
      <Column id="MSG_CD" type="STRING" size="256"/>
      <Column id="MSG_TRAN" type="STRING" size="256"/>
      <Column id="LANG_CD" type="STRING" size="256"/>
    </ColumnInfo>
    <Rows>
      <Row>
        <Col id="MSG_CD">GRMS00002</Col>
        <Col id="MSG_TRAN">confirm 한글</Col>
        <Col id="LANG_CD">KR</Col>
      </Row>
      <Row>
        <Col id="MSG_CD">GRMS00009</Col>
        <Col id="MSG_TRAN">alert message</Col>
        <Col id="LANG_CD">EN</Col>
      </Row>
    </Rows>
  </Dataset>
  <Dataset id="gds_tempTagFree">
    <ColumnInfo>
      <Column id="content" type="STRING" size="256"/>
    </ColumnInfo>
    <Rows>
      <Row>
        <Col id="content"/>
      </Row>
    </Rows>
  </Dataset>
  <Dataset id="gds_language">
    <ColumnInfo>
      <Column id="WORD_CD" type="STRING" size="256"/>
      <Column id="WORD_TRAN" type="STRING" size="256"/>
      <Column id="LANG_CD" type="STRING" size="256"/>
    </ColumnInfo>
    <Rows>
      <Row>
        <Col id="WORD_CD">메뉴관리</Col>
        <Col id="WORD_TRAN">Menu Manage</Col>
        <Col id="LANG_CD">EN</Col>
      </Row>
      <Row>
        <Col id="WORD_CD">사용자 관리</Col>
        <Col id="WORD_TRAN">User Manage</Col>
        <Col id="LANG_CD">EN</Col>
      </Row>
      <Row>
        <Col id="WORD_CD">저장</Col>
        <Col id="WORD_TRAN">Save</Col>
        <Col id="LANG_CD">EN</Col>
      </Row>
    </Rows>
  </Dataset>
  <Dataset id="gds_userInfo">
    <ColumnInfo>
      <Column id="USER_ID" type="STRING" size="256"/>
      <Column id="USER_NM" type="STRING" size="256"/>
      <Column id="EMP_ID" type="STRING" size="256"/>
      <Column id="EMP_NM" type="STRING" size="256"/>
      <Column id="ENG_EMP_NM" type="STRING" size="256"/>
      <Column id="EMP_STAT_CD" type="STRING" size="256"/>
      <Column id="EMAIL_ADDR" type="STRING" size="256"/>
      <Column id="COMP_CD" type="STRING" size="256"/>
      <Column id="LANG_CD" type="STRING" size="256"/>
      <Column id="TIME_ZONE_CD" type="STRING" size="256"/>
      <Column id="DATE_FORMAT_TYPE" type="STRING" size="256"/>
      <Column id="NUM_FORMAT_TYPE" type="STRING" size="256"/>
      <Column id="CURR_CD" type="STRING" size="256"/>
      <Column id="ROLE_CD" type="STRING" size="256"/>
      <Column id="DATE_FORMAT" type="STRING" size="256"/>
      <Column id="NUM_FORMAT" type="STRING" size="256"/>
      <Column id="HR_BIZPLC_CD" type="STRING" size="256"/>
      <Column id="CNTRY_CD" type="STRING" size="256"/>
      <Column id="CNTRY_NM" type="STRING" size="256"/>
      <Column id="COMP_NM" type="STRING" size="256"/>
      <Column id="USER_LOGIN_ID" type="STRING" size="256"/>
      <Column id="USER_AFFILIATE_CODE" type="STRING" size="256"/>
      <Column id="USER_AU_CODE" type="STRING" size="256"/>
      <Column id="USER_DEPARTMENT_CODE" type="STRING" size="256"/>
      <Column id="USER_DEPARTMENT_NAME" type="STRING" size="256"/>
    </ColumnInfo>
  </Dataset>
  <Dataset id="gds_menu">
    <ColumnInfo>
      <ConstColumn id="CONST_MENU_CAPTION" type="STRING" size="200" value="aaa"/>
      <Column id="MENU_ID" type="STRING" size="256" description="필수"/>
      <Column id="MENU_CAPTION" type="STRING" size="256" description="필수"/>
      <Column id="PRNT_MENU_ID" type="STRING" size="256"/>
      <Column id="SYS_CD" type="STRING" size="256"/>
      <Column id="MENU_DESC" type="STRING" size="256"/>
      <Column id="MENU_URL" type="STRING" size="256" description="필수"/>
      <Column id="MENU_LEVEL" type="STRING" size="256" description="필수"/>
      <Column id="SORT_ODRG" type="BIGDECIMAL" size="256"/>
      <Column id="SEQ" type="BIGDECIMAL" size="256"/>
      <Column id="PRNT_SEQ" type="BIGDECIMAL" size="256"/>
      <Column id="SPARE_COLUMN1" type="STRING" size="256"/>
      <Column id="SPARE_COLUMN2" type="STRING" size="256"/>
      <Column id="SPARE_COLUMN3" type="STRING" size="256"/>
      <Column id="SPARE_COLUMN4" type="STRING" size="256"/>
      <Column id="SPARE_COLUMN5" type="STRING" size="256"/>
    </ColumnInfo>
  </Dataset>
</GlobalVariables>
